{
   "fas": 0.7272727272727273,
   "fca": 0.6363636363636364,
   "fob": 0.5454545454545454,
   "cfr": 0.36363636363636365,
   "cif": 0.2727272727272727,
   "cpt": 0.36363636363636365,
   "cip": 0.2727272727272727,
   "dat": 0.2727272727272727,
   "dap": 0.18181818181818182,
   "ddp": 0.18181818181818182
}